﻿{
  "package-id": "ehe.fhir.template",
  "title": "Base template for FHIR IGs published by EHE Product team",
  "canonical": "http://ent.hr/fhir/templates/ehe.fhir.template",
  "introduction": "This is the basic template for FHIR guides published by EHE products team",
  "list": [
    {
      "version": "current",
      "desc": "Continuous Integration Build (latest in version control)",
      "path": "https://build.fhir.org/ig/HL7/ig-template-fhir",
      "status": "ci-build",
      "current": true
    }
  ]
}
