﻿{
  "package-id": "hl7.fhir.template",
  "title": "Base template for FHIR IGs published by HL7",
  "canonical": "http://fhir.org/templates/hl7.fhir.template",
  "introduction": "This is the basic template for FHIR guides published by HL7",
  "list": [
    {
      "version": "current",
      "desc": "Continuous Integration Build (latest in version control)",
      "path": "https://build.fhir.org/ig/HL7/ig-template-fhir",
      "status": "ci-build",
      "current": true
    },
    {
      "version": "0.3.2",
      "desc": "Fix search link",
      "path": "http://fhir.org/templates/hl7.fhir.template/0.3.2",
      "status": "release",
      "sequence": "Publications",
      "current": true,
      "date": "2020-09-29"
    },
    {
      "version": "0.3.1",
      "desc": "Upgrade for dependency on fhir.base.template",
      "path": "http://fhir.org/templates/hl7.fhir.template/0.3.1",
      "status": "release",
      "sequence": "Publications",
      "date": "2020-09-29"
    },
    {
      "version": "0.3.0",
      "desc": "Upgrade for dependency on fhir.base.template",
      "path": "http://fhir.org/templates/hl7.fhir.template/0.3.0",
      "status": "release",
      "sequence": "Publications",
      "date": "2020-09-26"
    },
    {
      "version": "0.2.1",
      "desc": "Upgrade for dependency on fhir.base.template",
      "path": "http://fhir.org/templates/hl7.fhir.template/0.2.1",
      "status": "release",
      "sequence": "Publications",
      "date": "2020-07-08"
    },
    {
      "version": "0.2.0",
      "desc": "Upgrade for dependency on hl7.base.template",
      "path": "http://fhir.org/templates/hl7.fhir.template/0.2.0",
      "status": "release",
      "sequence": "Publications",
      "date": "2020-07-08"
    },
    {
      "version": "0.1.0",
      "desc": "Upgrade for dependency on fhir.base.template",
      "path": "http://fhir.org/templates/hl7.fhir.template/0.1.0",
      "status": "release",
      "sequence": "Publications",
      "date": "2020-02-17"
    },
    {
      "version": "0.0.5",
      "date": "2020-02-03",
      "desc": "First Release",
      "path": "http://fhir.org/templates/fhir.base.template/0.0.5",
      "status": "release",
      "sequence": "Publications"
    }
  ]
}